{"stats":{"minecraft:custom":{"minecraft:jump":41,"minecraft:time_since_rest":7653,"minecraft:damage_dealt":14,"minecraft:play_one_minute":7653,"minecraft:crouch_one_cm":30,"minecraft:leave_game":3,"minecraft:sprint_one_cm":4348,"minecraft:damage_taken":150,"minecraft:time_since_death":7653,"minecraft:walk_one_cm":4352,"minecraft:sneak_time":34,"minecraft:fly_one_cm":8358,"minecraft:fall_one_cm":996},"minecraft:picked_up":{"duneons:wintershroom":3,"ars_nouveau:worn_notebook":1,"minecraft:dirt":5},"minecraft:mined":{"minecraft:grass_block":4,"duneons:wintershroom":2,"minecraft:dirt":1}},"DataVersion":2586}